first_cateogry_id:ID,name,:LABEL
9f9d36327d96efaefe09f6bda9796531,手机,手机
9f9d36327d96efaefe09f6bda9796531,手机,手机
9f9d36327d96efaefe09f6bda9796531,手机,手机
9f9d36327d96efaefe09f6bda9796531,手机,手机
9f9d36327d96efaefe09f6bda9796531,手机,手机
9f9d36327d96efaefe09f6bda9796531,手机,手机
9f9d36327d96efaefe09f6bda9796531,手机,手机
9f9d36327d96efaefe09f6bda9796531,手机,手机
9f9d36327d96efaefe09f6bda9796531,手机,手机
9f9d36327d96efaefe09f6bda9796531,手机,手机
9f9d36327d96efaefe09f6bda9796531,手机,手机
9f9d36327d96efaefe09f6bda9796531,手机,手机
9f9d36327d96efaefe09f6bda9796531,手机,手机
9f9d36327d96efaefe09f6bda9796531,手机,手机
9f9d36327d96efaefe09f6bda9796531,手机,手机
9f9d36327d96efaefe09f6bda9796531,手机,手机
9f9d36327d96efaefe09f6bda9796531,手机,手机
9f9d36327d96efaefe09f6bda9796531,手机,手机
9f9d36327d96efaefe09f6bda9796531,手机,手机
9f9d36327d96efaefe09f6bda9796531,手机,手机
9f9d36327d96efaefe09f6bda9796531,手机,手机
9f9d36327d96efaefe09f6bda9796531,手机,手机
9f9d36327d96efaefe09f6bda9796531,手机,手机
9f9d36327d96efaefe09f6bda9796531,手机,手机
9f9d36327d96efaefe09f6bda9796531,手机,手机
9f9d36327d96efaefe09f6bda9796531,手机,手机
9f9d36327d96efaefe09f6bda9796531,手机,手机
9f9d36327d96efaefe09f6bda9796531,手机,手机
9f9d36327d96efaefe09f6bda9796531,手机,手机
9f9d36327d96efaefe09f6bda9796531,手机,手机
9f9d36327d96efaefe09f6bda9796531,手机,手机
9f9d36327d96efaefe09f6bda9796531,手机,手机
9f9d36327d96efaefe09f6bda9796531,手机,手机
9f9d36327d96efaefe09f6bda9796531,手机,手机
9f9d36327d96efaefe09f6bda9796531,手机,手机
9f9d36327d96efaefe09f6bda9796531,手机,手机
9f9d36327d96efaefe09f6bda9796531,手机,手机
9f9d36327d96efaefe09f6bda9796531,手机,手机
9f9d36327d96efaefe09f6bda9796531,手机,手机
9f9d36327d96efaefe09f6bda9796531,手机,手机
9f9d36327d96efaefe09f6bda9796531,手机,手机
9f9d36327d96efaefe09f6bda9796531,手机,手机
9f9d36327d96efaefe09f6bda9796531,手机,手机
9f9d36327d96efaefe09f6bda9796531,手机,手机
9f9d36327d96efaefe09f6bda9796531,手机,手机
9f9d36327d96efaefe09f6bda9796531,手机,手机
9f9d36327d96efaefe09f6bda9796531,手机,手机
9f9d36327d96efaefe09f6bda9796531,手机,手机
9f9d36327d96efaefe09f6bda9796531,手机,手机
